"drop_id","lat","lon","depth","n_label","n_sg","n_ma","n_sa","n_other","top","top_n","top2","top2_n","sg_pct","ma_pct","sa_pct","sg_pa","ma_pa","sa_pa","top_pct","top2_pct","dom_spp"
"FI_1",-40.243378,147.924458,28.98999977,86,1,0,82,3,"Tube worms",3,"Halophila spp",1,0.0116279069767442,0,0.953488372093023,0,0,1,0.0348837209302326,0.0116279069767442,0
"FI_100",-40.193065,147.902605,16.86000061,86,86,0,0,0,"Posidonia australis",86,"",0,1,0,0,1,0,0,1,0,1
"FI_101",-40.313739,148.486521,27.03000069,74,0,0,74,0,"",0,"",0,0,0,1,0,0,1,0,0,0
"FI_104",-40.340515,148.092423,1.75,91,86,5,0,0,"Amphibolis antarctica",55,"Posidonia australis",31,0.945054945054945,0.0549450549450549,0,1,1,0,0.604395604395604,0.340659340659341,2
"FI_105",-40.269011,148.13254,-0.349999994,54,54,0,0,0,"Posidonia australis",36,"Zostera spp",18,1,0,0,1,0,0,0.666666666666667,0.333333333333333,1
"FI_106",-40.510432,148.366032,20.47999954,65,1,0,64,0,"Posidonia australis",1,"",0,0.0153846153846154,0,0.984615384615385,0,0,1,0.0153846153846154,0,1
"FI_107",-40.456554,148.49768,21.71999931,70,0,0,70,0,"",0,"",0,0,0,1,0,0,1,0,0,0
"FI_109",-40.282374,147.993908,14.05000019,80,7,71,0,2,"Foliose",38,"Caulerpa cactoides",33,0.0875,0.8875,0,1,1,0,0.475,0.4125,0
"FI_11",-40.487839,148.059335,19.32999992,71,2,0,69,0,"Halophila spp",1,"Posidonia australis",1,0.028169014084507,0,0.971830985915493,0,0,1,0.0140845070422535,0.0140845070422535,0
"FI_110",-40.47757,148.212786,26.51000023,69,0,0,69,0,"",0,"",0,0,0,1,0,0,1,0,0,0
"FI_111",-40.31679,148.125193,8.020000458,66,56,8,0,2,"Posidonia australis",56,"Foliose",7,0.848484848484849,0.121212121212121,0,1,1,0,0.848484848484849,0.106060606060606,1
"FI_112",-40.262886,148.241773,11.32999992,73,15,7,50,1,"Posidonia australis",15,"Sargassum spp",5,0.205479452054795,0.0958904109589041,0.684931506849315,1,1,1,0.205479452054795,0.0684931506849315,1
"FI_115",-40.289934,148.437063,23.30999947,67,0,62,5,0,"Ecklonia radiata",50,"Foliose",10,0,0.925373134328358,0.0746268656716418,0,1,1,0.746268656716418,0.149253731343284,0
"FI_116",-40.271752,148.378752,5.760000229,69,6,1,62,0,"Posidonia australis",6,"Foliose",1,0.0869565217391304,0.0144927536231884,0.898550724637681,1,0,1,0.0869565217391304,0.0144927536231884,1
"FI_118",-40.459711,148.108692,4.150000095,80,79,0,1,0,"Posidonia australis",79,"",0,0.9875,0,0.0125,1,0,0,0.9875,0,1
"FI_119",-40.298869,148.283811,2.920000076,78,7,71,0,0,"Caulerpa cactoides",63,"Zostera spp",5,0.0897435897435897,0.91025641025641,0,1,1,0,0.807692307692308,0.0641025641025641,0
"FI_12",-40.52811,148.256264,13.27999973,74,39,1,33,1,"Zostera spp",22,"Posidonia australis",17,0.527027027027027,0.0135135135135135,0.445945945945946,1,0,1,0.297297297297297,0.22972972972973,3
"FI_122",-40.495496,148.163519,4.929999828,79,53,0,26,0,"Posidonia australis",40,"Zostera spp",9,0.670886075949367,0,0.329113924050633,1,0,1,0.506329113924051,0.113924050632911,1
"FI_124",-40.24072,147.886342,31.88999939,79,0,0,79,0,"",0,"",0,0,0,1,0,0,1,0,0,0
"FI_125",-40.361363,148.47002,26.38999939,73,0,0,73,0,"",0,"",0,0,0,1,0,0,1,0,0,0
"FI_127",-40.359419,148.404298,7.880000114,55,15,0,40,0,"Zostera spp",15,"",0,0.272727272727273,0,0.727272727272727,1,0,1,0.272727272727273,0,3
"FI_129",-40.185035,147.951904,22.76000023,86,42,3,40,1,"Posidonia australis",39,"Caulerpa cactoides",3,0.488372093023256,0.0348837209302326,0.465116279069767,1,0,1,0.453488372093023,0.0348837209302326,1
"FI_13",-40.286444,148.343939,4.670000076,76,7,1,68,0,"Posidonia australis",7,"Foliose",1,0.0921052631578947,0.0131578947368421,0.894736842105263,1,0,1,0.0921052631578947,0.0131578947368421,1
"FI_130",-40.332446,148.099281,15.47000027,82,8,0,74,0,"Posidonia australis",8,"",0,0.0975609756097561,0,0.902439024390244,1,0,1,0.0975609756097561,0,1
"FI_133",-40.287692,148.383884,3.430000067,64,1,0,63,0,"Posidonia australis",1,"",0,0.015625,0,0.984375,0,0,1,0.015625,0,1
"FI_137",-40.377301,148.482242,23.82999992,76,0,0,76,0,"",0,"",0,0,0,1,0,0,1,0,0,0
"FI_139",-40.48472,148.438957,29.39999962,84,0,23,46,15,"Bryozoa / Cnidaria / Sponge Matrix",10,"Foliose",10,0,0.273809523809524,0.547619047619048,0,1,1,0.119047619047619,0.119047619047619,0
"FI_14",-40.268726,148.460521,29.43000031,47,0,0,47,0,"",0,"",0,0,0,1,0,0,1,0,0,0
"FI_140",-40.565122,148.263382,26.78000069,63,0,0,63,0,"",0,"",0,0,0,1,0,0,1,0,0,0
"FI_141",-40.586002,148.329041,10,58,0,0,58,0,"",0,"",0,0,0,1,0,0,1,0,0,0
"FI_144",-40.291039,148.246583,13.72000027,49,10,11,28,0,"Foliose",11,"Posidonia australis",9,0.204081632653061,0.224489795918367,0.571428571428571,1,1,1,0.224489795918367,0.183673469387755,0
"FI_146",-40.232735,147.925944,31.54999924,82,1,1,61,19,"Bryozoa / Cnidaria / Sponge Matrix",8,"Encrusting Papillate Black Thick",4,0.0121951219512195,0.0121951219512195,0.74390243902439,0,0,1,0.0975609756097561,0.048780487804878,0
"FI_147",-40.500959,148.028006,14.61999989,48,0,0,48,0,"",0,"",0,0,0,1,0,0,1,0,0,0
"FI_148",-40.541179,148.290806,25.37999916,56,5,35,12,4,"Foliose",24,"Ecklonia radiata",11,0.0892857142857143,0.625,0.214285714285714,1,1,1,0.428571428571429,0.196428571428571,0
"FI_149",-40.299816,148.312627,-0.029999999,75,75,0,0,0,"Posidonia australis",75,"",0,1,0,0,1,0,0,1,0,1
"FI_150",-40.249628,148.427433,12.15999985,71,0,0,71,0,"",0,"",0,0,0,1,0,0,1,0,0,0
"FI_152",-40.22903,148.385385,15.17000008,72,2,46,24,0,"Foliose",40,"Ecklonia radiata",4,0.0277777777777778,0.638888888888889,0.333333333333333,0,1,1,0.555555555555556,0.0555555555555556,0
"FI_153",-40.053869,147.871547,12.30000019,77,76,0,0,1,"Posidonia australis",76,"Grey Smooth Tube",1,0.987012987012987,0,0,1,0,0,0.987012987012987,0.012987012987013,1
"FI_155",-40.5174,148.236066,3.00999999,80,19,3,58,0,"Amphibolis antarctica",16,"Cystophora spp",3,0.2375,0.0375,0.725,1,0,1,0.2,0.0375,2
"FI_157",-40.262619,148.02439,12.57999992,99,99,0,0,0,"Amphibolis antarctica",99,"",0,1,0,0,1,0,0,1,0,2
"FI_158",-40.463642,148.170373,14.85000038,67,0,0,67,0,"",0,"",0,0,0,1,0,0,1,0,0,0
"FI_16",-40.295497,148.130371,-0.439999998,94,92,2,0,0,"Posidonia australis",92,"Red",2,0.978723404255319,0.0212765957446809,0,1,0,0,0.978723404255319,0.0212765957446809,1
"FI_160",-40.208972,147.893109,33.36999893,85,0,15,19,51,"Coquina / shellhash",39,"Foliose",15,0,0.176470588235294,0.223529411764706,0,1,1,0.458823529411765,0.176470588235294,0
"FI_161",-40.329661,148.477006,25.51000023,68,0,0,68,0,"",0,"",0,0,0,1,0,0,1,0,0,0
"FI_162",-40.553183,148.216802,14.03999996,76,0,0,76,0,"",0,"",0,0,0,1,0,0,1,0,0,0
"FI_163",-40.526297,148.370166,30.75,57,0,0,0,57,"Bryozoa / Cnidaria / Sponge Matrix",47,"Coquina / shellhash",10,0,0,0,0,0,0,0.824561403508772,0.175438596491228,0
"FI_164",-40.267022,148.224052,14.53999996,68,10,47,11,0,"Foliose",38,"Posidonia australis",10,0.147058823529412,0.691176470588235,0.161764705882353,1,1,1,0.558823529411765,0.147058823529412,0
"FI_168",-40.293856,148.424758,21.54999924,59,0,0,59,0,"",0,"",0,0,0,1,0,0,1,0,0,0
"FI_169",-40.481486,148.249754,1.840000033,75,75,0,0,0,"Posidonia australis",75,"",0,1,0,0,1,0,0,1,0,1
"FI_17",-40.040787,147.853264,11.78999996,76,76,0,0,0,"Posidonia australis",76,"",0,1,0,0,1,0,0,1,0,1
"FI_171",-40.279749,147.972529,13.68999958,81,81,0,0,0,"Posidonia australis",81,"",0,1,0,0,1,0,0,1,0,1
"FI_172",-40.509467,148.316469,4.420000076,65,2,0,63,0,"Posidonia australis",2,"",0,0.0307692307692308,0,0.969230769230769,0,0,1,0.0307692307692308,0,1
"FI_173",-40.453993,148.446813,17.69000053,58,0,0,58,0,"",0,"",0,0,0,1,0,0,1,0,0,0
"FI_175",-40.315596,148.01442,12.15999985,90,87,3,0,0,"Amphibolis antarctica",68,"Posidonia australis",19,0.966666666666667,0.0333333333333333,0,1,0,0,0.755555555555556,0.211111111111111,2
"FI_176",-40.463069,148.277119,10.84000015,75,6,0,69,0,"Posidonia australis",6,"",0,0.08,0,0.92,1,0,1,0.08,0,1
"FI_177",-40.543536,148.320886,28.84000015,69,0,13,2,54,"Coquina / shellhash",25,"Bryozoa / Cnidaria / Sponge Matrix",14,0,0.188405797101449,0.0289855072463768,0,1,0,0.36231884057971,0.202898550724638,0
"FI_178",-40.302094,148.145509,8.5,86,83,0,3,0,"Zostera spp",73,"Amphibolis antarctica",10,0.965116279069767,0,0.0348837209302326,1,0,0,0.848837209302326,0.116279069767442,3
"FI_180",-40.208205,147.999792,19.05999947,87,0,0,87,0,"",0,"",0,0,0,1,0,0,1,0,0,0
"FI_181",-40.328966,148.408361,18.79999924,79,22,0,57,0,"Zostera spp",22,"",0,0.278481012658228,0,0.721518987341772,1,0,1,0.278481012658228,0,3
"FI_184",-40.190299,147.934193,22.95999908,81,15,17,49,0,"Foliose",17,"Posidonia australis",15,0.185185185185185,0.209876543209877,0.604938271604938,1,1,1,0.209876543209877,0.185185185185185,0
"FI_185",-40.257066,148.32878,1.850000024,77,1,0,76,0,"Posidonia australis",1,"",0,0.012987012987013,0,0.987012987012987,0,0,1,0.012987012987013,0,1
"FI_186",-40.498782,148.211314,4.590000153,77,2,47,28,0,"Caulerpa cactoides",42,"Foliose",4,0.025974025974026,0.61038961038961,0.363636363636364,0,1,1,0.545454545454545,0.051948051948052,0
"FI_189",-40.418372,148.473888,16.43000031,75,17,0,58,0,"Zostera spp",14,"Posidonia australis",3,0.226666666666667,0,0.773333333333333,1,0,1,0.186666666666667,0.04,3
"FI_191",-40.445118,148.134817,0.74000001,89,86,3,0,0,"Posidonia australis",62,"Zostera spp",24,0.966292134831461,0.0337078651685393,0,1,0,0,0.696629213483146,0.269662921348315,1
"FI_194",-40.493077,148.112461,12.06999969,50,5,0,45,0,"Posidonia australis",5,"",0,0.1,0,0.9,1,0,1,0.1,0,1
"FI_195",-40.291638,147.981545,13.17000008,81,9,69,0,3,"Foliose",56,"Caulerpa cactoides",13,0.111111111111111,0.851851851851852,0,1,1,0,0.691358024691358,0.160493827160494,0
"FI_196",-40.39428,148.506751,24.19000053,89,0,0,89,0,"",0,"",0,0,0,1,0,0,1,0,0,0
"FI_197",-40.474961,148.244334,3.50999999,64,4,0,60,0,"Posidonia australis",4,"",0,0.0625,0,0.9375,1,0,1,0.0625,0,1
"FI_198",-40.582277,148.245009,29.39999962,80,0,0,80,0,"",0,"",0,0,0,1,0,0,1,0,0,0
"FI_199",-40.220108,148.011439,17.98999977,77,0,29,9,39,"Bryozoa / Cnidaria / Sponge Matrix",33,"Encrusting/Turfing Algal Matrix",24,0,0.376623376623377,0.116883116883117,0,1,1,0.428571428571429,0.311688311688312,0
"FI_2",-40.444463,148.201504,3.829999924,76,48,8,20,0,"Posidonia australis",39,"Halophila spp",9,0.631578947368421,0.105263157894737,0.263157894736842,1,1,1,0.513157894736842,0.118421052631579,1
"FI_201",-40.316313,148.259169,1.399999976,76,75,1,0,0,"Posidonia australis",39,"Zostera spp",36,0.986842105263158,0.0131578947368421,0,1,0,0,0.513157894736842,0.473684210526316,1
"FI_202",-40.321914,148.262145,2.609999895,90,72,18,0,0,"Posidonia australis",72,"Red",18,0.8,0.2,0,1,1,0,0.8,0.2,1
"FI_203",-40.327857,148.265137,0.280000001,90,86,4,0,0,"Posidonia australis",86,"Scaberia agardhii",4,0.955555555555556,0.0444444444444444,0,1,0,0,0.955555555555556,0.0444444444444444,1
"FI_204",-40.331063,148.268245,-0.389999986,16,12,1,3,0,"Amphibolis antarctica",11,"Posidonia australis",1,0.75,0.0625,0.1875,1,1,1,0.6875,0.0625,2
"FI_205",-40.328895,148.132427,4.820000172,84,0,0,84,0,"",0,"",0,0,0,1,0,0,1,0,0,0
"FI_206",-40.321338,148.149067,-0.239999995,76,11,0,65,0,"Posidonia australis",11,"",0,0.144736842105263,0,0.855263157894737,1,0,1,0.144736842105263,0,1
"FI_207",-40.318051,148.155088,-0.189999998,73,5,0,68,0,"Posidonia australis",5,"",0,0.0684931506849315,0,0.931506849315068,1,0,1,0.0684931506849315,0,1
"FI_208",-40.310973,148.166939,2.74000001,84,50,0,34,0,"Posidonia australis",50,"",0,0.595238095238095,0,0.404761904761905,1,0,1,0.595238095238095,0,1
"FI_209",-40.308718,148.172221,1.379999995,76,4,0,72,0,"Posidonia australis",4,"",0,0.0526315789473684,0,0.947368421052632,1,0,1,0.0526315789473684,0,1
"FI_21",-40.289606,148.239576,11.28999996,57,7,46,3,1,"Brown",15,"Foliose",10,0.12280701754386,0.807017543859649,0.0526315789473684,1,1,1,0.263157894736842,0.175438596491228,0
"FI_210",-40.305688,148.177496,0.829999983,66,0,0,66,0,"",0,"",0,0,0,1,0,0,1,0,0,0
"FI_22",-40.271617,148.181494,14.28999996,65,26,11,28,0,"Posidonia australis",26,"Foliose",11,0.4,0.169230769230769,0.430769230769231,1,1,1,0.4,0.169230769230769,1
"FI_23",-40.35233,148.425642,19.67000008,86,1,7,78,0,"Foliose",6,"Ecklonia radiata",1,0.0116279069767442,0.0813953488372093,0.906976744186046,0,1,1,0.0697674418604651,0.0116279069767442,0
"FI_239",-40.053275,147.849742,11.10000038,71,71,0,0,0,"Posidonia australis",71,"",0,1,0,0,1,0,0,1,0,1
"FI_24",-40.486263,148.119284,7.409999847,72,63,0,9,0,"Amphibolis antarctica",63,"",0,0.875,0,0.125,1,0,1,0.875,0,2
"FI_240",-40.055656,147.887566,10.30000019,89,89,0,0,0,"Posidonia australis",89,"",0,1,0,0,1,0,0,1,0,1
"FI_241",-40.047267,147.875759,10.38000011,70,70,0,0,0,"Posidonia australis",70,"",0,1,0,0,1,0,0,1,0,1
"FI_242",-40.038926,147.908186,4.539999962,92,92,0,0,0,"Posidonia australis",92,"",0,1,0,0,1,0,0,1,0,1
"FI_243",-40.041904,147.93374,1.129999995,98,97,1,0,0,"Amphibolis antarctica",97,"Red",1,0.989795918367347,0.0102040816326531,0,1,0,0,0.989795918367347,0.0102040816326531,2
"FI_244",-40.065993,147.944565,0.790000021,69,69,0,0,0,"Amphibolis antarctica",69,"",0,1,0,0,1,0,0,1,0,2
"FI_248",-40.211367,147.95011,28.5,70,1,45,15,9,"Foliose",39,"Encrusting/Turfing Algal Matrix",6,0.0142857142857143,0.642857142857143,0.214285714285714,0,1,1,0.557142857142857,0.0857142857142857,0
"FI_249",-40.216356,147.979785,24.35000038,90,0,86,2,2,"Foliose",85,"Arborescent Orange",1,0,0.955555555555556,0.0222222222222222,0,1,0,0.944444444444444,0.0111111111111111,0
"FI_25",-40.285052,147.96624,14.60000038,93,93,0,0,0,"Posidonia australis",93,"",0,1,0,0,1,0,0,1,0,1
"FI_250",-40.238298,147.984811,23.13999939,83,0,48,34,1,"Foliose",45,"Cystophora spp",2,0,0.578313253012048,0.409638554216867,0,1,1,0.542168674698795,0.0240963855421687,0
"FI_251",-40.216286,147.935606,30.34000015,70,0,7,44,19,"Bryozoa / Cnidaria / Sponge Matrix",18,"Foliose",7,0,0.1,0.628571428571429,0,1,1,0.257142857142857,0.1,0
"FI_252",-40.241132,147.967636,25.70000076,82,0,48,34,0,"Foliose",37,"Red",11,0,0.585365853658537,0.414634146341463,0,1,1,0.451219512195122,0.134146341463415,0
"FI_253",-40.249749,148.014887,15.18999958,88,0,82,2,4,"Sargassum spp",36,"Foliose",33,0,0.931818181818182,0.0227272727272727,0,1,0,0.409090909090909,0.375,0
"FI_254",-40.248694,147.997769,20.79000092,81,5,70,0,6,"Foliose",58,"Codium spp",6,0.0617283950617284,0.864197530864197,0,1,1,0,0.716049382716049,0.0740740740740741,0
"FI_263",-40.250705,148.050123,4.900000095,87,87,0,0,0,"Posidonia australis",66,"Amphibolis antarctica",21,1,0,0,1,0,0,0.758620689655172,0.241379310344828,1
"FI_264",-40.250489,148.055885,2.039999962,97,96,1,0,0,"Posidonia australis",90,"Amphibolis antarctica",6,0.989690721649485,0.0103092783505155,0,1,0,0,0.927835051546392,0.0618556701030928,1
"FI_265",-40.256092,148.056832,4.539999962,64,0,0,64,0,"",0,"",0,0,0,1,0,0,1,0,0,0
"FI_266",-40.26099,148.055929,7.730000019,72,49,1,22,0,"Amphibolis antarctica",49,"Foliose",1,0.680555555555556,0.0138888888888889,0.305555555555556,1,0,1,0.680555555555556,0.0138888888888889,2
"FI_267",-40.265868,148.098755,-0.170000002,89,89,0,0,0,"Posidonia australis",89,"",0,1,0,0,1,0,0,1,0,1
"FI_268",-40.267927,148.105339,0.119999997,85,84,1,0,0,"Posidonia australis",84,"Red",1,0.988235294117647,0.0117647058823529,0,1,0,0,0.988235294117647,0.0117647058823529,1
"FI_269",-40.257718,148.16929,-0.239999995,82,82,0,0,0,"Posidonia australis",82,"",0,1,0,0,1,0,0,1,0,1
"FI_270",-40.259395,148.165255,-0.119999997,87,87,0,0,0,"Posidonia australis",87,"",0,1,0,0,1,0,0,1,0,1
"FI_271",-40.306739,148.075794,0.529999971,100,100,0,0,0,"Posidonia australis",100,"",0,1,0,0,1,0,0,1,0,1
"FI_272",-40.307758,148.082258,1.129999995,91,89,2,0,0,"Posidonia australis",89,"Red",2,0.978021978021978,0.021978021978022,0,1,0,0,0.978021978021978,0.021978021978022,1
"FI_273",-40.30267,148.091955,0.129999995,89,87,2,0,0,"Posidonia australis",87,"Red",2,0.97752808988764,0.0224719101123595,0,1,0,0,0.97752808988764,0.0224719101123595,1
"FI_274",-40.298867,148.0808,-0.200000003,60,60,0,0,0,"Posidonia australis",60,"",0,1,0,0,1,0,0,1,0,1
"FI_275",-40.297459,148.078155,4.980000019,88,88,0,0,0,"Posidonia australis",88,"",0,1,0,0,1,0,0,1,0,1
"FI_276",-40.298851,148.084887,5.440000057,68,66,0,2,0,"Posidonia australis",66,"",0,0.970588235294118,0,0.0294117647058824,1,0,0,0.970588235294118,0,1
"FI_277",-40.301497,148.08669,3.299999952,100,90,10,0,0,"Posidonia australis",90,"Red",10,0.9,0.1,0,1,1,0,0.9,0.1,1
"FI_278",-40.300468,148.089394,3.900000095,90,70,20,0,0,"Posidonia australis",70,"Red",20,0.777777777777778,0.222222222222222,0,1,1,0,0.777777777777778,0.222222222222222,1
"FI_279",-40.303892,148.057089,6.21999979,100,99,1,0,0,"Posidonia australis",99,"Red",1,0.99,0.01,0,1,0,0,0.99,0.01,1
"FI_28",-40.32088,148.01278,12.52999973,100,99,0,0,1,"Amphibolis antarctica",99,"Arborescent Yellow Flat",1,0.99,0,0,1,0,0,0.99,0.01,2
"FI_280",-40.306047,148.056164,2.369999886,76,76,0,0,0,"Amphibolis antarctica",60,"Posidonia australis",16,1,0,0,1,0,0,0.789473684210526,0.210526315789474,2
"FI_281",-40.270964,148.055356,6.179999828,86,86,0,0,0,"Amphibolis antarctica",86,"",0,1,0,0,1,0,0,1,0,2
"FI_282",-40.243188,148.20963,0.109999999,64,64,0,0,0,"Posidonia australis",45,"Zostera spp",19,1,0,0,1,0,0,0.703125,0.296875,1
"FI_283",-40.247288,148.219422,0.07,65,65,0,0,0,"Posidonia australis",65,"",0,1,0,0,1,0,0,1,0,1
"FI_284",-40.246865,148.231617,-0.01,80,76,4,0,0,"Posidonia australis",76,"Red",4,0.95,0.05,0,1,0,0,0.95,0.05,1
"FI_285",-40.25701,148.194267,2.480000019,72,0,0,72,0,"",0,"",0,0,0,1,0,0,1,0,0,0
"FI_286",-40.222013,148.205014,-0.180000007,80,80,0,0,0,"Posidonia australis",80,"",0,1,0,0,1,0,0,1,0,1
"FI_287",-40.218811,148.211605,-0.02,87,87,0,0,0,"Posidonia australis",87,"",0,1,0,0,1,0,0,1,0,1
"FI_288",-40.21348,148.21089,-0.670000017,40,0,40,0,0,"Red",38,"Hormosira banksii",2,0,1,0,0,1,0,0.95,0.05,0
"FI_289",-40.219568,148.201803,-0.930000007,70,65,0,5,0,"Zostera spp",45,"Posidonia australis",20,0.928571428571429,0,0.0714285714285714,1,0,1,0.642857142857143,0.285714285714286,3
"FI_29",-40.159912,147.866787,31.39999962,81,0,0,80,1,"Tube worms",1,"",0,0,0,0.987654320987654,0,0,1,0.0123456790123457,0,0
"FI_290",-40.217182,148.204186,-1,70,65,0,5,0,"Zostera spp",65,"",0,0.928571428571429,0,0.0714285714285714,1,0,1,0.928571428571429,0,3
"FI_291",-40.226424,148.192951,-0.899999976,37,15,21,1,0,"Zostera spp",15,"Red",13,0.405405405405405,0.567567567567568,0.027027027027027,1,1,0,0.405405405405405,0.351351351351351,3
"FI_292",-40.230963,148.19664,0.239999995,74,74,0,0,0,"Posidonia australis",74,"",0,1,0,0,1,0,0,1,0,1
"FI_293",-40.240051,148.186727,-0.100000001,67,0,67,0,0,"Scaberia agardhii",62,"Sargassum spp",4,0,1,0,0,1,0,0.925373134328358,0.0597014925373134,0
"FI_294",-40.21544,148.231783,0.389999986,72,51,13,8,0,"Posidonia australis",51,"Foliose",13,0.708333333333333,0.180555555555556,0.111111111111111,1,1,1,0.708333333333333,0.180555555555556,1
"FI_295",-40.225166,148.227801,0.920000017,80,80,0,0,0,"Posidonia australis",80,"",0,1,0,0,1,0,0,1,0,1
"FI_296",-40.229566,148.217137,1.460000038,59,36,6,17,0,"Posidonia australis",19,"Zostera spp",11,0.610169491525424,0.101694915254237,0.288135593220339,1,1,1,0.322033898305085,0.186440677966102,1
"FI_297",-40.233893,148.222321,3.579999924,75,20,0,55,0,"Posidonia australis",14,"Zostera spp",6,0.266666666666667,0,0.733333333333333,1,0,1,0.186666666666667,0.08,1
"FI_298",-40.223221,148.242965,2.150000095,69,69,0,0,0,"Posidonia australis",69,"",0,1,0,0,1,0,0,1,0,1
"FI_299",-40.212702,148.244894,0.850000024,94,89,5,0,0,"Posidonia australis",89,"Red",5,0.946808510638298,0.0531914893617021,0,1,1,0,0.946808510638298,0.0531914893617021,1
"FI_30",-40.280628,148.45057,25.47999954,55,0,33,22,0,"Encrusting/Turfing Algal Matrix",12,"Foliose",12,0,0.6,0.4,0,1,1,0.218181818181818,0.218181818181818,0
"FI_300",-40.210521,148.233909,-0.819999993,67,59,8,0,0,"Zostera spp",59,"Hormosira banksii",7,0.880597014925373,0.119402985074627,0,1,1,0,0.880597014925373,0.104477611940299,3
"FI_301",-40.31444,148.235876,0.039999999,87,83,0,4,0,"Posidonia australis",83,"",0,0.954022988505747,0,0.0459770114942529,1,0,0,0.954022988505747,0,1
"FI_302",-40.312588,148.248952,-0.039999999,50,50,0,0,0,"Posidonia australis",50,"",0,1,0,0,1,0,0,1,0,1
"FI_303",-40.306057,148.264391,-0.079999998,64,64,0,0,0,"Posidonia australis",64,"",0,1,0,0,1,0,0,1,0,1
"FI_304",-40.297447,148.273061,0.360000014,78,78,0,0,0,"Posidonia australis",78,"",0,1,0,0,1,0,0,1,0,1
"FI_305",-40.331333,148.26204,0,95,92,3,0,0,"Posidonia australis",92,"Scaberia agardhii",3,0.968421052631579,0.0315789473684211,0,1,0,0,0.968421052631579,0.0315789473684211,1
"FI_306",-40.320109,148.263864,2.769999981,93,92,1,0,0,"Posidonia australis",92,"Red",1,0.989247311827957,0.010752688172043,0,1,0,0,0.989247311827957,0.010752688172043,1
"FI_307",-40.312353,148.267792,0.379999995,79,79,0,0,0,"Posidonia australis",79,"",0,1,0,0,1,0,0,1,0,1
"FI_308",-40.329041,148.244975,-0.129999995,73,0,71,2,0,"Caulerpa cactoides",71,"",0,0,0.972602739726027,0.0273972602739726,0,1,0,0.972602739726027,0,0
"FI_309",-40.33113,148.245941,-0.270000011,64,57,0,7,0,"Zostera spp",57,"",0,0.890625,0,0.109375,1,0,1,0.890625,0,3
"FI_310",-40.330057,148.269628,-0.300000012,78,22,35,21,0,"Posidonia australis",22,"Red",18,0.282051282051282,0.448717948717949,0.269230769230769,1,1,1,0.282051282051282,0.230769230769231,1
"FI_311",-40.323406,148.271817,0.25999999,91,91,0,0,0,"Posidonia australis",91,"",0,1,0,0,1,0,0,1,0,1
"FI_312",-40.320539,148.274594,0.07,73,73,0,0,0,"Posidonia australis",73,"",0,1,0,0,1,0,0,1,0,1
"FI_313",-40.318818,148.218868,0.140000001,83,83,0,0,0,"Posidonia australis",83,"",0,1,0,0,1,0,0,1,0,1
"FI_314",-40.320476,148.220952,1.309999943,72,10,0,62,0,"Posidonia australis",8,"Zostera spp",2,0.138888888888889,0,0.861111111111111,1,0,1,0.111111111111111,0.0277777777777778,1
"FI_315",-40.318929,148.221556,1.75,94,94,0,0,0,"Posidonia australis",94,"",0,1,0,0,1,0,0,1,0,1
"FI_316",-40.313824,148.219773,2.089999914,66,66,0,0,0,"Posidonia australis",66,"",0,1,0,0,1,0,0,1,0,1
"FI_317",-40.338484,148.159176,0.01,78,78,0,0,0,"Posidonia australis",46,"Amphibolis antarctica",28,1,0,0,1,0,0,0.58974358974359,0.358974358974359,1
"FI_318",-40.335995,148.166076,-0.109999999,74,73,1,0,0,"Posidonia australis",73,"Red",1,0.986486486486487,0.0135135135135135,0,1,0,0,0.986486486486487,0.0135135135135135,1
"FI_319",-40.340288,148.169833,1.039999962,80,80,0,0,0,"Zostera spp",75,"Posidonia australis",5,1,0,0,1,0,0,0.9375,0.0625,3
"FI_32",-40.521325,148.275297,9.930000305,50,9,0,41,0,"Posidonia australis",9,"",0,0.18,0,0.82,1,0,1,0.18,0,1
"FI_320",-40.329236,148.178328,0.569999993,74,0,0,74,0,"",0,"",0,0,0,1,0,0,1,0,0,0
"FI_321",-40.326027,148.187513,0.109999999,66,1,0,65,0,"Posidonia australis",1,"",0,0.0151515151515152,0,0.984848484848485,0,0,1,0.0151515151515152,0,1
"FI_322",-40.322278,148.154129,0.540000021,78,71,0,7,0,"Posidonia australis",64,"Zostera spp",7,0.91025641025641,0,0.0897435897435897,1,0,1,0.82051282051282,0.0897435897435897,1
"FI_323",-40.446508,148.177245,-0.170000002,51,51,0,0,0,"Posidonia australis",51,"",0,1,0,0,1,0,0,1,0,1
"FI_324",-40.450711,148.296682,3.339999914,78,78,0,0,0,"Posidonia australis",78,"",0,1,0,0,1,0,0,1,0,1
"FI_325",-40.442891,148.300771,4.050000191,82,82,0,0,0,"Posidonia australis",82,"",0,1,0,0,1,0,0,1,0,1
"FI_326",-40.439341,148.314251,1.25,90,90,0,0,0,"Posidonia australis",57,"Amphibolis antarctica",33,1,0,0,1,0,0,0.633333333333333,0.366666666666667,1
"FI_327",-40.433716,148.282763,1.340000033,74,74,0,0,0,"Posidonia australis",74,"",0,1,0,0,1,0,0,1,0,1
"FI_328",-40.334652,148.005828,14.53999996,96,96,0,0,0,"Amphibolis antarctica",63,"Posidonia australis",33,1,0,0,1,0,0,0.65625,0.34375,2
"FI_329",-40.307932,148.003763,12.60999966,97,97,0,0,0,"Amphibolis antarctica",97,"",0,1,0,0,1,0,0,1,0,2
"FI_330",-40.299071,148.037772,6.550000191,78,78,0,0,0,"Posidonia australis",78,"",0,1,0,0,1,0,0,1,0,1
"FI_34",-40.495598,148.341697,12.78999996,55,46,0,9,0,"Halophila spp",23,"Amphibolis antarctica",12,0.836363636363636,0,0.163636363636364,1,0,1,0.418181818181818,0.218181818181818,0
"FI_343",-40.170224,147.943456,17.88999939,88,88,0,0,0,"Posidonia australis",88,"",0,1,0,0,1,0,0,1,0,1
"FI_344",-40.160755,147.94912,15.85000038,78,78,0,0,0,"Posidonia australis",78,"",0,1,0,0,1,0,0,1,0,1
"FI_350",-40.160651,148.006299,-0.550000012,83,83,0,0,0,"Zostera spp",83,"",0,1,0,0,1,0,0,1,0,3
"FI_351",-40.166107,147.98622,0.959999979,90,79,11,0,0,"Posidonia australis",79,"Red",11,0.877777777777778,0.122222222222222,0,1,1,0,0.877777777777778,0.122222222222222,1
"FI_352",-40.182265,147.984774,0.660000026,80,80,0,0,0,"Posidonia australis",80,"",0,1,0,0,1,0,0,1,0,1
"FI_353",-40.191914,147.981284,8.520000458,85,85,0,0,0,"Posidonia australis",85,"",0,1,0,0,1,0,0,1,0,1
"FI_357",-40.33848,148.063682,6.550000191,91,90,1,0,0,"Posidonia australis",90,"Red",1,0.989010989010989,0.010989010989011,0,1,0,0,0.989010989010989,0.010989010989011,1
"FI_358",-40.354737,148.052116,1.779999971,94,91,3,0,0,"Amphibolis antarctica",91,"Red",3,0.968085106382979,0.0319148936170213,0,1,0,0,0.968085106382979,0.0319148936170213,2
"FI_359",-40.330662,148.042825,5.360000134,89,89,0,0,0,"Posidonia australis",89,"",0,1,0,0,1,0,0,1,0,1
"FI_36",-40.034034,147.88867,3.309999943,94,41,53,0,0,"Amphibolis antarctica",41,"Foliose",14,0.436170212765957,0.563829787234043,0,1,1,0,0.436170212765957,0.148936170212766,2
"FI_360",-40.352068,148.035094,6.570000172,96,96,0,0,0,"Posidonia australis",88,"Zostera spp",8,1,0,0,1,0,0,0.916666666666667,0.0833333333333333,1
"FI_362",-40.022697,147.870863,0.529999971,96,59,36,1,0,"Posidonia australis",59,"Cystophora spp",20,0.614583333333333,0.375,0.0104166666666667,1,1,0,0.614583333333333,0.208333333333333,1
"FI_366",-40.28345,148.203983,5.059999943,70,40,0,30,0,"Posidonia australis",40,"",0,0.571428571428571,0,0.428571428571429,1,0,1,0.571428571428571,0,1
"FI_367",-40.280772,148.226168,3.880000114,82,18,0,64,0,"Posidonia australis",18,"",0,0.219512195121951,0,0.780487804878049,1,0,1,0.219512195121951,0,1
"FI_368",-40.220784,148.199427,-0.920000017,66,66,0,0,0,"Zostera spp",66,"",0,1,0,0,1,0,0,1,0,3
"FI_369",-40.2275,148.203744,0.07,55,50,4,0,1,"Zostera spp",34,"Posidonia australis",16,0.909090909090909,0.0727272727272727,0,1,1,0,0.618181818181818,0.290909090909091,3
"FI_370",-40.228959,148.205539,0.07,67,63,4,0,0,"Posidonia australis",63,"Red",4,0.940298507462687,0.0597014925373134,0,1,1,0,0.940298507462687,0.0597014925373134,1
"FI_371",-40.23293,148.213941,3.720000029,64,33,16,15,0,"Amphibolis antarctica",31,"Sargassum spp",7,0.515625,0.25,0.234375,1,1,1,0.484375,0.109375,2
"FI_372",-40.234134,148.216205,3.410000086,65,58,3,4,0,"Posidonia australis",36,"Zostera spp",21,0.892307692307692,0.0461538461538462,0.0615384615384615,1,0,1,0.553846153846154,0.323076923076923,1
"FI_373",-40.160885,148.01478,-1.299999952,85,15,69,1,0,"Red",69,"Posidonia australis",15,0.176470588235294,0.811764705882353,0.0117647058823529,1,1,0,0.811764705882353,0.176470588235294,0
"FI_374",-40.161608,148.012374,-1.24000001,80,44,36,0,0,"Zostera spp",44,"Hormosira banksii",36,0.55,0.45,0,1,1,0,0.55,0.45,3
"FI_375",-40.16409,148.006563,-0.550000012,82,82,0,0,0,"Zostera spp",54,"Posidonia australis",28,1,0,0,1,0,0,0.658536585365854,0.341463414634146,3
"FI_376",-40.16476,148.003057,-0.439999998,80,2,78,0,0,"Foliose",58,"Articulated Calcareous Red",17,0.025,0.975,0,0,1,0,0.725,0.2125,0
"FI_377",-40.167035,147.995582,-0.07,90,57,33,0,0,"Posidonia australis",57,"Red",33,0.633333333333333,0.366666666666667,0,1,1,0,0.633333333333333,0.366666666666667,1
"FI_378",-40.167595,147.993487,-0.159999996,84,56,28,0,0,"Posidonia australis",56,"Red",28,0.666666666666667,0.333333333333333,0,1,1,0,0.666666666666667,0.333333333333333,1
"FI_379",-40.168615,147.989979,0.829999983,102,94,8,0,0,"Posidonia australis",79,"Zostera spp",15,0.92156862745098,0.0784313725490196,0,1,1,0,0.774509803921569,0.147058823529412,1
"FI_38",-40.449812,148.264467,2.930000067,85,82,0,3,0,"Zostera spp",46,"Posidonia australis",36,0.964705882352941,0,0.0352941176470588,1,0,0,0.541176470588235,0.423529411764706,3
"FI_380",-40.175363,147.97751,-0.930000007,82,0,0,82,0,"",0,"",0,0,0,1,0,0,1,0,0,0
"FI_384",-40.288317,148.012302,13.10000038,98,98,0,0,0,"Amphibolis antarctica",98,"",0,1,0,0,1,0,0,1,0,2
"FI_385",-40.209047,148.034702,7.25,88,88,0,0,0,"Amphibolis antarctica",88,"",0,1,0,0,1,0,0,1,0,2
"FI_386",-40.213221,148.033455,2.339999914,73,72,0,1,0,"Posidonia australis",72,"",0,0.986301369863014,0,0.0136986301369863,1,0,0,0.986301369863014,0,1
"FI_387",-40.214822,148.030874,0.449999988,93,93,0,0,0,"Posidonia australis",93,"",0,1,0,0,1,0,0,1,0,1
"FI_388",-40.213564,148.028394,0.579999983,71,64,7,0,0,"Posidonia australis",64,"Red",7,0.901408450704225,0.0985915492957746,0,1,1,0,0.901408450704225,0.0985915492957746,1
"FI_389",-40.230465,148.034024,5.050000191,100,99,1,0,0,"Posidonia australis",99,"Red",1,0.99,0.01,0,1,0,0,0.99,0.01,1
"FI_39",-40.530285,148.351994,33.5,72,1,3,0,68,"Bryozoa / Cnidaria / Sponge Matrix",54,"Encrusting White Thick",14,0.0138888888888889,0.0416666666666667,0,0,0,0,0.75,0.194444444444444,0
"FI_390",-40.229721,148.035517,4.369999886,87,78,0,9,0,"Posidonia australis",60,"Amphibolis antarctica",18,0.896551724137931,0,0.103448275862069,1,0,1,0.689655172413793,0.206896551724138,1
"FI_391",-40.231453,148.038122,5.599999905,71,71,0,0,0,"Amphibolis antarctica",64,"Posidonia australis",7,1,0,0,1,0,0,0.901408450704225,0.0985915492957746,2
"FI_396",-40.344815,148.195493,-1.080000043,70,68,0,2,0,"Zostera spp",68,"",0,0.971428571428571,0,0.0285714285714286,1,0,0,0.971428571428571,0,3
"FI_397",-40.339302,148.195325,-0.370000005,87,86,1,0,0,"Posidonia australis",86,"Red",1,0.988505747126437,0.0114942528735632,0,1,0,0,0.988505747126437,0.0114942528735632,1
"FI_398",-40.334272,148.19521,0.800000012,72,70,0,2,0,"Posidonia australis",43,"Zostera spp",27,0.972222222222222,0,0.0277777777777778,1,0,0,0.597222222222222,0.375,1
"FI_399",-40.32426,148.195134,0.100000001,98,98,0,0,0,"Posidonia australis",98,"",0,1,0,0,1,0,0,1,0,1
"FI_40",-40.230769,147.965381,26.47999954,75,0,6,60,9,"Bryozoa / Cnidaria / Sponge Matrix",7,"Foliose",6,0,0.08,0.8,0,1,1,0.0933333333333333,0.08,0
"FI_400",-40.322514,148.194845,2.24000001,89,89,0,0,0,"Posidonia australis",89,"",0,1,0,0,1,0,0,1,0,1
"FI_41",-40.458806,148.33017,1.159999967,94,92,2,0,0,"Amphibolis antarctica",92,"Red",2,0.978723404255319,0.0212765957446809,0,1,0,0,0.978723404255319,0.0212765957446809,2
"FI_43",-40.177146,147.921501,12.85000038,74,74,0,0,0,"Posidonia australis",74,"",0,1,0,0,1,0,0,1,0,1
"FI_44",-40.244494,148.360278,10.90999985,50,12,0,38,0,"Posidonia australis",12,"",0,0.24,0,0.76,1,0,1,0.24,0,1
"FI_46",-40.238273,148.452615,14.06999969,76,1,0,75,0,"Posidonia australis",1,"",0,0.0131578947368421,0,0.986842105263158,0,0,1,0.0131578947368421,0,1
"FI_47",-40.506355,148.379459,27.28000069,71,0,0,69,2,"Ascidian Stalked Purple Pyura Like",1,"Bryozoa / Cnidaria / Sponge Matrix",1,0,0,0.971830985915493,0,0,1,0.0140845070422535,0.0140845070422535,0
"FI_48",-40.2117,148.255479,0.059999999,22,22,0,0,0,"Posidonia australis",22,"",0,1,0,0,1,0,0,1,0,1
"FI_5",-40.572652,148.354771,22.62999916,88,0,3,85,0,"Red",3,"",0,0,0.0340909090909091,0.965909090909091,0,0,1,0.0340909090909091,0,0
"FI_51",-40.515479,148.094747,20.09000015,83,30,0,53,0,"Posidonia australis",30,"",0,0.36144578313253,0,0.63855421686747,1,0,1,0.36144578313253,0,1
"FI_52",-40.153249,147.861257,30.55999947,79,0,34,27,18,"Foliose",32,"Arborescent Purple Thin",9,0,0.430379746835443,0.341772151898734,0,1,1,0.40506329113924,0.113924050632911,0
"FI_53",-40.46169,148.193274,14.46000004,71,2,0,69,0,"Posidonia australis",2,"",0,0.028169014084507,0,0.971830985915493,0,0,1,0.028169014084507,0,1
"FI_55",-40.569036,148.280741,25.34000015,70,0,0,67,3,"Simple",3,"",0,0,0,0.957142857142857,0,0,1,0.0428571428571429,0,0
"FI_56",-40.471296,148.412797,9.930000305,60,0,0,60,0,"",0,"",0,0,0,1,0,0,1,0,0,0
"FI_57",-40.255986,148.375607,2.25,63,0,0,63,0,"",0,"",0,0,0,1,0,0,1,0,0,0
"FI_58",-40.443843,148.127721,0.639999986,74,74,0,0,0,"Posidonia australis",49,"Zostera spp",25,1,0,0,1,0,0,0.662162162162162,0.337837837837838,1
"FI_60",-40.2769,148.069524,10.81000042,73,0,0,73,0,"",0,"",0,0,0,1,0,0,1,0,0,0
"FI_64",-40.183018,148.025755,1.50999999,94,92,2,0,0,"Amphibolis antarctica",92,"Red",2,0.978723404255319,0.0212765957446809,0,1,0,0,0.978723404255319,0.0212765957446809,2
"FI_65",-40.303597,148.347477,2.640000105,68,0,0,68,0,"",0,"",0,0,0,1,0,0,1,0,0,0
"FI_66",-40.491478,148.171713,3.440000057,101,92,9,0,0,"Amphibolis antarctica",75,"Posidonia australis",17,0.910891089108911,0.0891089108910891,0,1,1,0,0.742574257425743,0.168316831683168,2
"FI_70",-40.393229,148.456208,15.90999985,59,16,0,43,0,"Posidonia australis",16,"",0,0.271186440677966,0,0.728813559322034,1,0,1,0.271186440677966,0,1
"FI_71",-40.232209,148.397893,10.40999985,65,0,0,65,0,"",0,"",0,0,0,1,0,0,1,0,0,0
"FI_73",-40.5809,148.237415,24.60000038,87,2,1,84,0,"Posidonia australis",2,"Ecklonia radiata",1,0.0229885057471264,0.0114942528735632,0.96551724137931,0,0,1,0.0229885057471264,0.0114942528735632,1
"FI_76",-40.455786,148.1389,4.050000191,90,87,0,3,0,"Posidonia australis",86,"Zostera spp",1,0.966666666666667,0,0.0333333333333333,1,0,0,0.955555555555556,0.0111111111111111,1
"FI_78",-40.321511,148.445337,23.26000023,63,7,30,26,0,"Foliose",30,"Zostera spp",7,0.111111111111111,0.476190476190476,0.412698412698413,1,1,1,0.476190476190476,0.111111111111111,0
"FI_8",-40.474252,148.102946,14.56999969,70,69,1,0,0,"Zostera spp",69,"Brown",1,0.985714285714286,0.0142857142857143,0,1,0,0,0.985714285714286,0.0142857142857143,3
"FI_80",-40.318609,148.361039,3.609999895,60,23,6,31,0,"Zostera spp",13,"Amphibolis antarctica",10,0.383333333333333,0.1,0.516666666666667,1,1,1,0.216666666666667,0.166666666666667,3
"FI_83",-40.34193,148.035049,10.27000046,85,84,1,0,0,"Posidonia australis",84,"Red",1,0.988235294117647,0.0117647058823529,0,1,0,0,0.988235294117647,0.0117647058823529,1
"FI_84",-40.489563,148.297613,3.289999962,60,0,0,60,0,"",0,"",0,0,0,1,0,0,1,0,0,0
"FI_86",-40.270463,147.987544,16.39999962,88,47,30,1,10,"Posidonia australis",47,"Foliose",25,0.534090909090909,0.340909090909091,0.0113636363636364,1,1,0,0.534090909090909,0.284090909090909,1
"FI_87",-40.471679,148.089444,15.23999977,46,23,20,0,3,"Halophila spp",20,"Sargassum spp",11,0.5,0.434782608695652,0,1,1,0,0.434782608695652,0.239130434782609,0
"FI_88",-40.485076,148.02398,7.570000172,98,0,17,81,0,"Foliose",8,"Articulated Calcareous Red",7,0,0.173469387755102,0.826530612244898,0,1,1,0.0816326530612245,0.0714285714285714,0
"FI_89",-40.444823,148.461737,14.89999962,53,0,0,53,0,"",0,"",0,0,0,1,0,0,1,0,0,0
"FI_91",-40.525292,148.286623,13.27000046,66,0,0,66,0,"",0,"",0,0,0,1,0,0,1,0,0,0
"FI_92",-40.277931,148.447175,24.63999939,52,3,27,12,10,"Foliose",26,"Bryozoa / Cnidaria / Sponge Matrix",10,0.0576923076923077,0.519230769230769,0.230769230769231,1,1,1,0.5,0.192307692307692,0
"FI_93",-40.465713,148.245555,0,70,30,0,23,17,"Posidonia australis",30,"Tubes Pink Cluster",10,0.428571428571429,0,0.328571428571429,1,0,1,0.428571428571429,0.142857142857143,1
"FI_94",-40.546126,148.333167,29.94000053,54,0,3,0,51,"Bryozoa / Cnidaria / Sponge Matrix",26,"Coquina / shellhash",25,0,0.0555555555555556,0,0,1,0,0.481481481481481,0.462962962962963,0
"FI_95",-40.251776,148.27423,15.27000046,74,0,74,0,0,"Ecklonia radiata",69,"Foliose",3,0,1,0,0,1,0,0.932432432432432,0.0405405405405405,0
"FI_98",-40.474598,148.311166,8.479999542,70,13,0,57,0,"Posidonia australis",13,"",0,0.185714285714286,0,0.814285714285714,1,0,1,0.185714285714286,0,1
"FI_10",-40.380424,147.971749,19,92,0,89,2,1,"Red",72,"Sargassum spp",9,0,0.967391304347826,0.0217391304347826,0,1,0,0.782608695652174,0.0978260869565217,0
"FI_102",-40.13928709,147.9903015,4,25,25,0,0,0,"Amphibolis antarctica",25,"",0,1,0,0,1,0,0,1,0,2
"FI_103",-40.461243,148.048602,18,64,0,56,1,7,"Caulerpa flexilis",18,"Encrusting/Turfing Algal Matrix",16,0,0.875,0.015625,0,1,0,0.28125,0.25,0
"FI_108",-40.121406,147.848117,29,66,0,0,39,27,"Bryozoa / Cnidaria / Sponge Matrix",19,"Bryozoa Soft Beige Fluffy",4,0,0,0.590909090909091,0,0,1,0.287878787878788,0.0606060606060606,0
"FI_113",-40.383719,147.950147,22,93,6,67,19,1,"Red",51,"Foliose",8,0.0645161290322581,0.720430107526882,0.204301075268817,1,1,1,0.548387096774194,0.0860215053763441,0
"FI_114",-40.088612,147.809689,23,85,0,47,37,1,"Caulerpa spp",41,"Caulerpa cactoides",6,0,0.552941176470588,0.435294117647059,0,1,1,0.482352941176471,0.0705882352941176,0
"FI_117",-40.473101,147.999374,28,98,0,0,98,0,"",0,"",0,0,0,1,0,0,1,0,0,0
"FI_120",-40.365842,147.977456,16,97,0,97,0,0,"Brown",48,"Sargassum spp",30,0,1,0,0,1,0,0.494845360824742,0.309278350515464,0
"FI_121",-40.347966,147.900919,28,56,0,44,0,12,"Encrusting/Turfing Algal Matrix",13,"Foliose",13,0,0.785714285714286,0,0,1,0,0.232142857142857,0.232142857142857,0
"FI_123",-40.133398,147.930075,11,72,59,13,0,0,"Amphibolis antarctica",59,"Red",9,0.819444444444444,0.180555555555556,0,1,1,0,0.819444444444444,0.125,2
"FI_126",-40.401595,147.966586,20,91,0,87,0,4,"Red",35,"Caulerpa cactoides",18,0,0.956043956043956,0,0,1,0,0.384615384615385,0.197802197802198,0
"FI_128",-39.997317,147.820633,23,98,0,52,38,8,"Caulerpa spp",26,"Red",18,0,0.530612244897959,0.387755102040816,0,1,1,0.26530612244898,0.183673469387755,0
"FI_131",-39.970406,147.865774,19,82,0,2,67,13,"Bryozoa / Cnidaria / Sponge Matrix",9,"Lumpy White",4,0,0.024390243902439,0.817073170731707,0,0,1,0.109756097560976,0.048780487804878,0
"FI_132",-40.11348,147.909569,7,62,8,53,1,0,"Sargassum spp",48,"Amphibolis antarctica",8,0.129032258064516,0.854838709677419,0.0161290322580645,1,1,0,0.774193548387097,0.129032258064516,0
"FI_134",-39.925678,147.800002,17,86,0,0,86,0,"",0,"",0,0,0,1,0,0,1,0,0,0
"FI_135",-40.471125,147.946015,30,81,0,40,35,6,"Caulerpa spp",39,"Lumpy White",2,0,0.493827160493827,0.432098765432099,0,1,1,0.481481481481481,0.0246913580246914,0
"FI_136",-40.310236,147.956974,14,89,14,75,0,0,"Red",50,"Sargassum spp",24,0.157303370786517,0.842696629213483,0,1,1,0,0.561797752808989,0.269662921348315,0
"FI_142",-40.009209,147.832911,21,87,0,55,12,20,"Caulerpa longifolia",34,"Bryozoa / Cnidaria / Sponge Matrix",16,0,0.632183908045977,0.137931034482759,0,1,1,0.390804597701149,0.183908045977011,0
"FI_143",-40.089553,147.838361,23,60,0,21,39,0,"Caulerpa spp",20,"Red",1,0,0.35,0.65,0,1,1,0.333333333333333,0.0166666666666667,0
"FI_145",-40.39369,147.984373,10,87,76,4,7,0,"Amphibolis antarctica",76,"Red",4,0.873563218390805,0.0459770114942529,0.0804597701149425,1,0,1,0.873563218390805,0.0459770114942529,2
"FI_15",-40.067296,147.803853,15,90,86,4,0,0,"Posidonia australis",86,"Red",4,0.955555555555556,0.0444444444444444,0,1,0,0,0.955555555555556,0.0444444444444444,1
"FI_151",-40.12546,147.904127,2,71,71,0,0,0,"Posidonia australis",71,"",0,1,0,0,1,0,0,1,0,1
"FI_154",-40.322094,147.973413,15,81,71,6,1,3,"Posidonia australis",71,"Red",5,0.876543209876543,0.0740740740740741,0.0123456790123457,1,1,0,0.876543209876543,0.0617283950617284,1
"FI_156",-39.994327,147.849419,20,86,0,59,20,7,"Encrusting/Turfing Algal Matrix",46,"Red",11,0,0.686046511627907,0.232558139534884,0,1,1,0.534883720930233,0.127906976744186,0
"FI_159",-40.101614,147.937036,3,69,66,3,0,0,"Posidonia australis",66,"Red",3,0.956521739130435,0.0434782608695652,0,1,0,0,0.956521739130435,0.0434782608695652,1
"FI_165",-40.387671,147.93236,25,92,0,2,90,0,"Foliose",2,"",0,0,0.0217391304347826,0.978260869565217,0,0,1,0.0217391304347826,0,0
"FI_166",-40.065812,147.9177,8,75,75,0,0,0,"Amphibolis antarctica",75,"",0,1,0,0,1,0,0,1,0,2
"FI_167",-40.307182,147.801026,6,93,93,0,0,0,"Posidonia australis",93,"",0,1,0,0,1,0,0,1,0,1
"FI_170",-40.441391,147.987068,30,72,0,0,70,2,"Ascidian Solitary Red",2,"",0,0,0,0.972222222222222,0,0,1,0.0277777777777778,0,0
"FI_174",-40.074058,147.780955,15,89,50,34,5,0,"Posidonia australis",50,"Red",34,0.561797752808989,0.382022471910112,0.0561797752808989,1,1,1,0.561797752808989,0.382022471910112,1
"FI_179",-40.369166,147.883132,18,91,0,91,0,0,"Ecklonia radiata",34,"Sargassum spp",17,0,1,0,0,1,0,0.373626373626374,0.186813186813187,0
"FI_18",-40.356325,147.999028,2,93,0,93,0,0,"Brown",36,"Sargassum spp",27,0,1,0,0,1,0,0.387096774193548,0.290322580645161,0
"FI_182",-40.109832,147.759091,24,72,0,65,0,7,"Red",39,"Rhodoliths",26,0,0.902777777777778,0,0,1,0,0.541666666666667,0.361111111111111,0
"FI_183",-40.351289,147.992547,15,93,93,0,0,0,"Amphibolis antarctica",93,"",0,1,0,0,1,0,0,1,0,2
"FI_187",-40.458548,148.036295,17,95,0,0,95,0,"",0,"",0,0,0,1,0,0,1,0,0,0
"FI_188",-39.975756,147.890455,12,62,0,55,7,0,"Encrusting/Turfing Algal Matrix",44,"Caulerpa flexilis",5,0,0.887096774193548,0.112903225806452,0,1,1,0.709677419354839,0.0806451612903226,0
"FI_19",-40.14198204,147.9625435,12,25,25,0,0,0,"Posidonia australis",25,"",0,1,0,0,1,0,0,1,0,1
"FI_190",-40.29766,147.948799,12,96,83,13,0,0,"Posidonia australis",83,"Red",13,0.864583333333333,0.135416666666667,0,1,1,0,0.864583333333333,0.135416666666667,1
"FI_192",-40.083015,147.901269,10,71,20,51,0,0,"Sargassum spp",31,"Amphibolis antarctica",20,0.28169014084507,0.71830985915493,0,1,1,0,0.436619718309859,0.28169014084507,0
"FI_193",-39.942871,147.791814,24,91,1,0,84,6,"Laminar",5,"Posidonia australis",1,0.010989010989011,0,0.923076923076923,0,0,1,0.0549450549450549,0.010989010989011,0
"FI_20",-40.088376,147.918813,5,64,64,0,0,0,"Posidonia australis",64,"",0,1,0,0,1,0,0,1,0,1
"FI_200",-40.05912,147.923927,7,74,74,0,0,0,"Amphibolis antarctica",74,"",0,1,0,0,1,0,0,1,0,2
"FI_211",-39.905913,147.859779,2,92,92,0,0,0,"Posidonia australis",92,"",0,1,0,0,1,0,0,1,0,1
"FI_212",-39.90224,147.848632,2,99,99,0,0,0,"Amphibolis antarctica",99,"",0,1,0,0,1,0,0,1,0,2
"FI_213",-39.905851,147.835101,6,85,85,0,0,0,"Posidonia australis",85,"",0,1,0,0,1,0,0,1,0,1
"FI_214",-39.91226,147.816668,1,68,68,0,0,0,"Posidonia australis",68,"",0,1,0,0,1,0,0,1,0,1
"FI_215",-39.943119,147.824326,20,86,0,0,86,0,"",0,"",0,0,0,1,0,0,1,0,0,0
"FI_216",-39.970094,147.838359,20,93,0,79,14,0,"Encrusting/Turfing Algal Matrix",39,"Red",33,0,0.849462365591398,0.150537634408602,0,1,1,0.419354838709677,0.354838709677419,0
"FI_217",-39.984636,147.875623,16,97,0,0,97,0,"",0,"",0,0,0,1,0,0,1,0,0,0
"FI_218",-39.974421,147.817472,25,80,0,54,0,26,"Encrusting/Turfing Algal Matrix",49,"Arborescent yellow thin",9,0,0.675,0,0,1,0,0.6125,0.1125,0
"FI_219",-39.9379,147.796983,22,86,0,10,17,59,"Bryozoa / Cnidaria / Sponge Matrix",38,"Mimachlamys asperrima",20,0,0.116279069767442,0.197674418604651,0,1,1,0.441860465116279,0.232558139534884,0
"FI_220",-39.93708,147.832527,15,84,84,0,0,0,"Posidonia australis",84,"",0,1,0,0,1,0,0,1,0,1
"FI_221",-39.95966,147.858529,17,91,0,37,23,31,"Bryozoa / Cnidaria / Sponge Matrix",27,"Codium spp",19,0,0.406593406593407,0.252747252747253,0,1,1,0.296703296703297,0.208791208791209,0
"FI_222",-39.903289,147.788638,4,86,79,5,2,0,"Posidonia australis",79,"Red",5,0.918604651162791,0.0581395348837209,0.0232558139534884,1,1,0,0.918604651162791,0.0581395348837209,1
"FI_223",-39.899786,147.781004,3,100,95,5,0,0,"Posidonia australis",95,"Red",5,0.95,0.05,0,1,0,0,0.95,0.05,1
"FI_224",-39.897163,147.770196,11,85,0,84,0,1,"Caulerpa flexilis",72,"Red",12,0,0.988235294117647,0,0,1,0,0.847058823529412,0.141176470588235,0
"FI_225",-39.920583,147.784076,3,78,20,58,0,0,"Sargassum spp",55,"Amphibolis antarctica",20,0.256410256410256,0.743589743589744,0,1,1,0,0.705128205128205,0.256410256410256,0
"FI_226",-39.91288,147.781818,22,83,0,63,0,20,"Caulerpa longifolia",49,"Caulerpa cactoides",10,0,0.759036144578313,0,0,1,0,0.590361445783133,0.120481927710843,0
"FI_227",-39.845206,147.778283,3,80,0,80,0,0,"Sargassum spp",44,"Caulerpa longifolia",13,0,1,0,0,1,0,0.55,0.1625,0
"FI_228",-39.859649,147.771435,1,85,19,64,0,2,"Caulerpa longifolia",22,"Amphibolis antarctica",19,0.223529411764706,0.752941176470588,0,1,1,0,0.258823529411765,0.223529411764706,0
"FI_229",-39.864034,147.7673,2,91,0,91,0,0,"Phyllospora comosa",51,"Brown",22,0,1,0,0,1,0,0.56043956043956,0.241758241758242,0
"FI_230",-39.835295,147.795645,23,90,0,5,62,23,"Simple",13,"Bryozoa / Cnidaria / Sponge Matrix",10,0,0.0555555555555556,0.688888888888889,0,1,1,0.144444444444444,0.111111111111111,0
"FI_231",-39.840685,147.80132,3,99,5,94,0,0,"Phyllospora comosa",69,"Calcareous",22,0.0505050505050505,0.94949494949495,0,1,1,0,0.696969696969697,0.222222222222222,0
"FI_232",-39.835352,147.805575,1,79,0,78,0,1,"Caulerpa flexilis",70,"Caulerpa spp",6,0,0.987341772151899,0,0,1,0,0.886075949367089,0.0759493670886076,0
"FI_233",-39.822802,147.84461,8,74,0,74,0,0,"Caulerpa flexilis",64,"Red",7,0,1,0,0,1,0,0.864864864864865,0.0945945945945946,0
"FI_234",-39.825405,147.842815,5,85,0,82,0,3,"Caulerpa flexilis",46,"Brown",12,0,0.964705882352941,0,0,1,0,0.541176470588235,0.141176470588235,0
"FI_235",-39.827157,147.846308,1,71,0,65,5,1,"Phyllospora comosa",30,"Foliose",21,0,0.915492957746479,0.0704225352112676,0,1,1,0.422535211267606,0.295774647887324,0
"FI_236",-39.830405,147.840393,8,99,0,90,3,6,"Sargassum spp",49,"Caulerpa flexilis",22,0,0.909090909090909,0.0303030303030303,0,1,0,0.494949494949495,0.222222222222222,0
"FI_237",-39.831146,147.834963,3,69,0,69,0,0,"Sargassum spp",16,"Cystophora spp",15,0,1,0,0,1,0,0.231884057971014,0.217391304347826,0
"FI_238",-40.071775,147.81426,11,54,0,0,54,0,"",0,"",0,0,0,1,0,0,1,0,0,0
"FI_245",-40.087582,147.946042,1,63,63,0,0,0,"Posidonia australis",63,"",0,1,0,0,1,0,0,1,0,1
"FI_247",-40.12497326,147.9917798,3,25,16,9,0,0,"Amphibolis antarctica",16,"Sargassum spp",5,0.64,0.36,0,1,1,0,0.64,0.2,2
"FI_255",-40.300785,147.930467,13,91,85,5,1,0,"Posidonia australis",85,"Red",5,0.934065934065934,0.0549450549450549,0.010989010989011,1,1,0,0.934065934065934,0.0549450549450549,1
"FI_256",-40.309033,147.918353,13,94,88,6,0,0,"Posidonia australis",88,"Red",6,0.936170212765957,0.0638297872340425,0,1,1,0,0.936170212765957,0.0638297872340425,1
"FI_257",-40.316766,147.912038,15,97,97,0,0,0,"Posidonia australis",97,"",0,1,0,0,1,0,0,1,0,1
"FI_258",-40.286609,147.91062,22,80,0,48,0,32,"Red",45,"Mimachlamys asperrima",25,0,0.6,0,0,1,0,0.5625,0.3125,0
"FI_27",-40.374466,147.922389,22,87,2,66,18,1,"Red",51,"Foliose",6,0.0229885057471264,0.758620689655172,0.206896551724138,0,1,1,0.586206896551724,0.0689655172413793,0
"FI_3",-39.921516,147.880409,9,80,0,0,80,0,"",0,"",0,0,0,1,0,0,1,0,0,0
"FI_31",-39.919422,147.808652,8,85,6,79,0,0,"Sargassum spp",60,"Red",10,0.0705882352941176,0.929411764705882,0,1,1,0,0.705882352941177,0.117647058823529,0
"FI_33",-40.481096,147.968922,27,58,0,23,35,0,"Macroalgae",23,"",0,0,0.396551724137931,0.603448275862069,0,1,1,0.396551724137931,0,0
"FI_331",-40.036619,147.78724,2,96,96,0,0,0,"Posidonia australis",96,"",0,1,0,0,1,0,0,1,0,1
"FI_332",-40.116848,147.775299,31,62,0,0,57,5,"Bryozoa / Cnidaria / Sponge Matrix",4,"Mimachlamys asperrima",1,0,0,0.919354838709677,0,0,1,0.0645161290322581,0.0161290322580645,0
"FI_333",-40.099962,147.82157,27,67,0,23,40,4,"Caulerpa spp",20,"Encrusting/Turfing Algal Matrix",3,0,0.343283582089552,0.597014925373134,0,1,1,0.298507462686567,0.0447761194029851,0
"FI_334",-40.060143,147.769259,7,89,81,8,0,0,"Posidonia australis",81,"Red",8,0.910112359550562,0.0898876404494382,0,1,1,0,0.910112359550562,0.0898876404494382,1
"FI_335",-40.082574,147.763467,3,100,17,82,1,0,"Caulerpa spp",25,"Sargassum spp",21,0.17,0.82,0.01,1,1,0,0.25,0.21,0
"FI_336",-40.109406,147.921633,5,67,66,1,0,0,"Posidonia australis",66,"Encrusting/Turfing Algal Matrix",1,0.985074626865672,0.0149253731343284,0,1,0,0,0.985074626865672,0.0149253731343284,1
"FI_337",-40.148108,147.905047,19,70,70,0,0,0,"Posidonia australis",70,"",0,1,0,0,1,0,0,1,0,1
"FI_338",-40.123827,147.885668,14,70,0,67,0,3,"Encrusting/Turfing Algal Matrix",36,"Red",22,0,0.957142857142857,0,0,1,0,0.514285714285714,0.314285714285714,0
"FI_339",-40.149438,147.922689,19,62,60,0,0,2,"Posidonia australis",60,"Fan Brown Thin Blade",1,0.967741935483871,0,0,1,0,0,0.967741935483871,0.0161290322580645,1
"FI_340",-40.115365,147.851994,26,72,0,0,72,0,"",0,"",0,0,0,1,0,0,1,0,0,0
"FI_345",-40.14861486,147.9504478,14.4,22,3,17,0,2,"Foliose",10,"Caulerpa cactoides",7,0.136363636363636,0.772727272727273,0,1,1,0,0.454545454545455,0.318181818181818,0
"FI_35",-40.37376,147.99084,13,96,96,0,0,0,"Posidonia australis",96,"",0,1,0,0,1,0,0,1,0,1
"FI_354",-39.927003,147.849269,14,80,80,0,0,0,"Posidonia australis",80,"",0,1,0,0,1,0,0,1,0,1
"FI_355",-39.931791,147.859308,14,85,51,34,0,0,"Amphibolis antarctica",51,"Red",30,0.6,0.4,0,1,1,0,0.6,0.352941176470588,2
"FI_356",-39.945555,147.854987,15,79,31,42,6,0,"Amphibolis antarctica",31,"Sargassum spp",16,0.392405063291139,0.531645569620253,0.0759493670886076,1,1,1,0.392405063291139,0.20253164556962,2
"FI_361",-40.010286,147.873834,1,100,46,54,0,0,"Red",54,"Amphibolis antarctica",46,0.46,0.54,0,1,1,0,0.54,0.46,0
"FI_363",-40.301334,147.877463,4,25,22,3,0,0,"Amphibolis antarctica",22,"Foliose",3,0.88,0.12,0,1,1,0,0.88,0.12,2
"FI_364",-40.320564,147.862196,4,78,0,78,0,0,"Sargassum spp",38,"Caulerpa flexilis",31,0,1,0,0,1,0,0.487179487179487,0.397435897435897,0
"FI_365",-40.3213,147.895827,3,97,8,89,0,0,"Sargassum spp",62,"Red",15,0.0824742268041237,0.917525773195876,0,1,1,0,0.639175257731959,0.154639175257732,0
"FI_37",-40.141259,147.899709,6,72,68,4,0,0,"Posidonia australis",68,"Red",4,0.944444444444444,0.0555555555555556,0,1,1,0,0.944444444444444,0.0555555555555556,1
"FI_381",-40.359124,147.929649,23,87,20,55,10,2,"Amphibolis antarctica",20,"Red",18,0.229885057471264,0.632183908045977,0.114942528735632,1,1,1,0.229885057471264,0.206896551724138,2
"FI_382",-40.340324,147.951246,19,92,90,2,0,0,"Amphibolis antarctica",90,"Red",2,0.978260869565217,0.0217391304347826,0,1,0,0,0.978260869565217,0.0217391304347826,2
"FI_383",-40.32079,147.971593,14,92,92,0,0,0,"Posidonia australis",92,"",0,1,0,0,1,0,0,1,0,1
"FI_392",-40.048981,147.809905,16,85,1,65,10,9,"Red",31,"Sargassum spp",18,0.0117647058823529,0.764705882352941,0.117647058823529,0,1,1,0.364705882352941,0.211764705882353,0
"FI_393",-40.102608,147.787096,27,81,9,26,38,8,"Red",21,"Halophila spp",9,0.111111111111111,0.320987654320988,0.469135802469136,1,1,1,0.259259259259259,0.111111111111111,0
"FI_394",-40.119052,147.778209,26,88,0,6,81,1,"Red",5,"Caulerpa spp",1,0,0.0681818181818182,0.920454545454545,0,1,1,0.0568181818181818,0.0113636363636364,0
"FI_4",-40.076422,147.902323,11,75,72,3,0,0,"Amphibolis antarctica",72,"Cystophora spp",1,0.96,0.04,0,1,0,0,0.96,0.0133333333333333,2
"FI_401",-40.159865,147.857574,38.2,21,0,0,21,0,"",0,"",0,0,0,1,0,0,1,0,0,0
"FI_402",-40.156916,147.846959,40,23,0,1,20,2,"Mimachlamys asperrima",2,"Foliose",1,0,0.0434782608695652,0.869565217391304,0,0,1,0.0869565217391304,0.0434782608695652,0
"FI_403",-40.15159,147.838641,40,20,0,0,20,0,"",0,"",0,0,0,1,0,0,1,0,0,0
"FI_404",-40.14785,147.827349,40,23,0,0,23,0,"",0,"",0,0,0,1,0,0,1,0,0,0
"FI_405",-40.141717,147.833794,38,20,0,8,9,3,"Foliose",8,"Bryozoa / Cnidaria / Sponge Matrix",2,0,0.4,0.45,0,1,1,0.4,0.1,0
"FI_406",-40.13754,147.8366,36,24,0,2,20,2,"Caulerpa spp",2,"Mimachlamys asperrima",2,0,0.0833333333333333,0.833333333333333,0,1,1,0.0833333333333333,0.0833333333333333,0
"FI_407",-40.13443,147.84595,32,20,0,0,20,0,"",0,"",0,0,0,1,0,0,1,0,0,0
"FI_408",-40.1698,147.86335,40,25,0,0,25,0,"",0,"",0,0,0,1,0,0,1,0,0,0
"FI_409",-40.17627,147.87075,39,14,0,9,0,5,"Foliose",9,"Bryozoa Adeona Grisea",5,0,0.642857142857143,0,0,1,0,0.642857142857143,0.357142857142857,0
"FI_410",-40.1849,147.87337,40,21,0,7,12,2,"Foliose",7,"Arborescent Orange Flat",1,0,0.333333333333333,0.571428571428571,0,1,1,0.333333333333333,0.0476190476190476,0
"FI_411",-40.18359,147.8609,39,24,0,5,19,0,"Foliose",5,"",0,0,0.208333333333333,0.791666666666667,0,1,1,0.208333333333333,0,0
"FI_412",-40.18715,147.85244,40,22,0,0,22,0,"",0,"",0,0,0,1,0,0,1,0,0,0
"FI_413",-40.19119,147.84156,42,19,0,0,19,0,"",0,"",0,0,0,1,0,0,1,0,0,0
"FI_414",-40.19951,147.85077,41,19,0,1,18,0,"Foliose",1,"",0,0,0.0526315789473684,0.947368421052632,0,1,1,0.0526315789473684,0,0
"FI_42",-40.337994,147.979881,16,96,45,51,0,0,"Amphibolis antarctica",45,"Sargassum spp",28,0.46875,0.53125,0,1,1,0,0.46875,0.291666666666667,2
"FI_45",-39.962546,147.839535,20,83,0,79,1,3,"Caulerpa flexilis",41,"Red",36,0,0.951807228915663,0.0120481927710843,0,1,0,0.493975903614458,0.433734939759036,0
"FI_49",-40.332066,147.875946,27,93,0,93,0,0,"Rhodoliths",93,"",0,0,1,0,0,1,0,1,0,0
"FI_50",-39.929727,147.817489,18,81,0,0,80,1,"Laminar",1,"",0,0,0,0.987654320987654,0,0,1,0.0123456790123457,0,0
"FI_54",-40.421448,148.018149,10,91,89,2,0,0,"Posidonia australis",89,"Red",2,0.978021978021978,0.021978021978022,0,1,0,0,0.978021978021978,0.021978021978022,1
"FI_59",-40.081632,147.894121,12,75,54,21,0,0,"Amphibolis antarctica",54,"Red",11,0.72,0.28,0,1,1,0,0.72,0.146666666666667,2
"FI_6",-40.291013,147.840373,8,84,0,84,0,0,"Ecklonia radiata",26,"Red",25,0,1,0,0,1,0,0.30952380952381,0.297619047619048,0
"FI_61",-40.397643,147.952842,11,94,0,89,0,5,"Encrusting/Turfing Algal Matrix",25,"Red",25,0,0.946808510638298,0,0,1,0,0.265957446808511,0.265957446808511,0
"FI_62",-40.022033,147.850715,20,49,0,0,44,5,"Bryozoa / Cnidaria / Sponge Matrix",4,"Bryozoa Unknown Soft",1,0,0,0.897959183673469,0,0,1,0.0816326530612245,0.0204081632653061,0
"FI_63",-40.344013,147.909094,25,69,0,17,23,29,"Bryozoa / Cnidaria / Sponge Matrix",9,"Foliose",9,0,0.246376811594203,0.333333333333333,0,1,1,0.130434782608696,0.130434782608696,0
"FI_67",-40.129409,147.938322,7,74,68,6,0,0,"Amphibolis antarctica",43,"Posidonia australis",25,0.918918918918919,0.0810810810810811,0,1,1,0,0.581081081081081,0.337837837837838,2
"FI_68",-40.048901,147.785093,12,53,5,20,28,0,"Red",16,"Posidonia australis",5,0.0943396226415094,0.377358490566038,0.528301886792453,1,1,1,0.30188679245283,0.0943396226415094,0
"FI_69",-40.27241742,147.8726221,28,17,0,6,8,3,"Foliose",5,"Bryozoa Soft Orthoscuticella Like",3,0,0.352941176470588,0.470588235294118,0,1,1,0.294117647058824,0.176470588235294,0
"FI_7",-40.03168,147.781968,1,88,88,0,0,0,"Amphibolis antarctica",88,"",0,1,0,0,1,0,0,1,0,2
"FI_72",-40.433396,147.974761,29,61,0,39,10,12,"Encrusting/Turfing Algal Matrix",31,"Caulerpa flexilis",5,0,0.639344262295082,0.163934426229508,0,1,1,0.508196721311475,0.0819672131147541,0
"FI_74",-40.1472821,147.9710775,10,23,0,23,0,0,"Sargassum spp",20,"Encrusting/Turfing Algal Matrix",2,0,1,0,0,1,0,0.869565217391304,0.0869565217391304,0
"FI_75",-40.30826,147.941882,11.8155339805825,103,78,25,0,0,"Posidonia australis",78,"Sargassum spp",25,0.757281553398058,0.242718446601942,0,1,1,0,0.757281553398058,0.242718446601942,1
"FI_77",-40.093697,147.905422,4,57,42,10,5,0,"Posidonia australis",42,"Red",10,0.736842105263158,0.175438596491228,0.087719298245614,1,1,1,0.736842105263158,0.175438596491228,1
"FI_79",-39.798559,147.803262,20,47,0,0,47,0,"",0,"",0,0,0,1,0,0,1,0,0,0
"FI_81",-39.957574,147.77951,29,90,0,0,90,0,"",0,"",0,0,0,1,0,0,1,0,0,0
"FI_82",-40.073681,147.932799,4,75,66,9,0,0,"Amphibolis antarctica",66,"Red",9,0.88,0.12,0,1,1,0,0.88,0.12,2
"FI_85",-40.2883176,147.8708255,8,16,0,8,0,8,"Sargassum spp",8,"Caesioperca rasor",4,0,0.5,0,0,1,0,0.5,0.25,0
"FI_9",-40.112169,147.86951,20,39,0,26,0,13,"Red",24,"Bryozoa / Cnidaria / Sponge Matrix",8,0,0.666666666666667,0,0,1,0,0.615384615384615,0.205128205128205,0
"FI_90",-40.324071,147.936492,14,94,87,6,0,1,"Posidonia australis",87,"Red",6,0.925531914893617,0.0638297872340425,0,1,1,0,0.925531914893617,0.0638297872340425,1
"FI_96",-39.969393,147.793276,35,62,0,0,62,0,"",0,"",0,0,0,1,0,0,1,0,0,0
"FI_97",-39.790592,147.822402,11,51,0,0,51,0,"",0,"",0,0,0,1,0,0,1,0,0,0
"FI_99",-40.353895,147.961106,21,80,0,6,74,0,"Foliose",5,"Red",1,0,0.075,0.925,0,1,1,0.0625,0.0125,0
